patch_name,attention
0_8.jpeg,1
10_10.jpeg,0.95695305
10_11.jpeg,0.96507573
10_12.jpeg,0.6692308
10_13.jpeg,0.3988836
